https://www.linkedin.com/profile/view?id=ADEAAAEH0ZEBZaMflcifHRZwfzsRcz-l3Ur2eMk,Member,LinkedIn Member,LinkedIn,
https://www.linkedin.com/profile/view?id=ADEAAAUvaLYBOCrOgTLiCpxAJISR1QQDG3sfcGw,Member,LinkedIn Member,LinkedIn,
https://www.linkedin.com/profile/view?id=ADEAABYOiS8BFCriumPO5-yLJllYv37Xae1amLg,Member,LinkedIn Member,LinkedIn,
https://www.linkedin.com/profile/view?id=ADEAAAh1AlsBCTxu01hfJMsp9ggyw_sv9Fw5cZQ,Member,LinkedIn Member,LinkedIn,
https://www.linkedin.com/profile/view?id=ADEAAAZdLiYBPnPZ6rpoV74eRU9W7CXs1FN8pmg,Redving,Isabelle Redving,Isabelle,
https://www.linkedin.com/profile/view?id=ADEAAA3SnfoB8RBKUVi3eJouUl-cnUgUvcwwS7E,Member,LinkedIn Member,LinkedIn,
https://www.linkedin.com/profile/view?id=ADEAAAJkR0gBAptoXzqqstMMwyD13Hehu6MgLUY,Member,LinkedIn Member,LinkedIn,
https://www.linkedin.com/profile/view?id=ADEAAAQS9TIBvC4shHcXMLRgCd-PySj-5bzCSSA,Member,LinkedIn Member,LinkedIn,
https://www.linkedin.com/profile/view?id=ADEAAA_VYTkBoAzCyGo1ShVOJZeDgQ0zSP-IfVA,Member,LinkedIn Member,LinkedIn,
https://www.linkedin.com/profile/view?id=ADEAAAmjHeUBqMOr4kxiJ-PLKUAXWtHXMhPL55s,Wachtmeister,Gabriel Wachtmeister,Gabriel,
https://www.linkedin.com/profile/view?id=ADEAAAEH0ZEBZaMflcifHRZwfzsRcz-l3Ur2eMk,Member,LinkedIn Member,LinkedIn,
https://www.linkedin.com/profile/view?id=ADEAAAUvaLYBOCrOgTLiCpxAJISR1QQDG3sfcGw,Member,LinkedIn Member,LinkedIn,
https://www.linkedin.com/profile/view?id=ADEAABYOiS8BFCriumPO5-yLJllYv37Xae1amLg,Member,LinkedIn Member,LinkedIn,
https://www.linkedin.com/profile/view?id=ADEAAAh1AlsBCTxu01hfJMsp9ggyw_sv9Fw5cZQ,Member,LinkedIn Member,LinkedIn,
https://www.linkedin.com/profile/view?id=ADEAAAZdLiYBPnPZ6rpoV74eRU9W7CXs1FN8pmg,Redving,Isabelle Redving,Isabelle,
https://www.linkedin.com/profile/view?id=ADEAAA3SnfoB8RBKUVi3eJouUl-cnUgUvcwwS7E,Member,LinkedIn Member,LinkedIn,
https://www.linkedin.com/profile/view?id=ADEAAAJkR0gBAptoXzqqstMMwyD13Hehu6MgLUY,Member,LinkedIn Member,LinkedIn,
https://www.linkedin.com/profile/view?id=ADEAAAQS9TIBvC4shHcXMLRgCd-PySj-5bzCSSA,Member,LinkedIn Member,LinkedIn,
https://www.linkedin.com/profile/view?id=ADEAAA_VYTkBoAzCyGo1ShVOJZeDgQ0zSP-IfVA,Member,LinkedIn Member,LinkedIn,
https://www.linkedin.com/profile/view?id=ADEAAAmjHeUBqMOr4kxiJ-PLKUAXWtHXMhPL55s,Wachtmeister,Gabriel Wachtmeister,Gabriel,
